Teddy Sheringham,"[98.342, 146]"
Les Ferdinand,"[110.578, 149]"
Dwight Yorke,"[91.152, 123]"
Jimmy Floyd Hasselbaink,"[87.37499999999999, 127]"
Nicolas Anelka,"[74.34399999999997, 125]"
Robbie Keane,"[91.96600000000001, 125]"
Steven Gerrard,"[88.92800000000001, 120]"
Robin van Persie,"[99.71399999999998, 144]"
Romelu Lukaku,"[77.77600000000005, 121]"
Mohamed Salah,"[84.146, 139]"
Jamie Vardy,"[87.03700000000005, 136]"
